aid,author,era,nid,rank,rank_date,tags,title,vip_date,word_count,xx,yc
2078814,三日成晶,架空历史,7660289,1,2023-02-17,"天作之合,穿越时空,甜文,穿书",是我是我还是我,2023-02-14,8.89万,言情,原创
1775974,梦里呓语,古色古香,3871848,2,2023-02-17,"红楼梦,灵异神怪,古典名著,爽文",太虚幻境可持续发展报告,2023-02-14,10.77万,言情,衍生
5361558,我算什么小饼干,幻想未来,7657542,3,2023-02-17,"重生,甜文",虫族之渣虫觉醒笔记,2023-02-14,16.34万,纯爱,原创
1643745,田园泡,近代现代,3226859,4,2023-02-17,"情有独钟,业界精英,甜文",我靠美貌嫁入豪门,2023-02-14,7.28万,言情,原创
3796793,禾优,近代现代,7140720,1,2023-02-20,"幻想空间,穿越时空,系统,快穿",禁止独占清冷炮灰！[快穿],2023-02-17,8.68万,纯爱,原创
2212739,兔月关,架空历史,6593856,2,2023-02-20,"生子,穿越时空,科举,基建",我在首辅科举文里重生了,2023-02-17,10.36万,纯爱,原创
3366615,榆鱼,近代现代,7560202,1,2023-02-22,"灵异神怪,恐怖,无限流,玄学",解梦［无限］,2023-02-19,9.26万,纯爱,原创
1256565,黄鱼听雷,近代现代,7430394,1,2023-02-23,"都市情缘,天之骄子",当冬夜渐暖,2023-02-20,5.88万,言情,原创
3429765,扶以东桑,近代现代,7577161,2,2023-02-23,"娱乐圈,甜文,穿书,爽文",和顶流亲弟在综艺爆红,2023-02-20,7.48万,言情,原创
2147997,一江听月,架空历史,7532878,3,2023-02-23,"情有独钟,天作之合,甜文,爽文",她说我是渣男我不服,2023-02-20,9.73万,言情,原创
3074336,浮梦遥,近代现代,4981320,4,2023-02-23,"综漫,少年漫,系统,文野",二次元制作人,2023-02-20,8.25万,无CP,衍生
1802272,蜀七,近代现代,4427051,5,2023-02-17,"灵魂转换,竞技,励志人生,爽文",新王登基[电竞],2023-02-14,9.73万,纯爱,原创
2673826,香草芋圆,架空历史,6947362,6,2023-02-17,"豪门世家,情有独钟,重生,成长",家臣,2023-02-14,10.84万,言情,原创
3499067,影入青衣,近代现代,6932814,7,2023-02-17,"年下,娱乐圈,系统,爽文",快穿归来后我靠非遗爆红了,2023-02-14,9.56万,纯爱,原创
2369476,轻予,近代现代,7586885,8,2023-02-17,"时代奇缘,甜文,爽文",退圈后，我靠职场综艺火爆全网,2023-02-14,7.94万,言情,原创
2292035,十撇,近代现代,7678277,1,2023-02-18,"女配,甜文,快穿,爽文",谁不着迷于漂亮女配呢[快穿],2023-02-15,8.23万,言情,原创
2216633,山有青木,架空历史,7633526,2,2023-02-18,"甜文,穿书",再不行我可就走了啊,2023-02-15,9.35万,言情,原创
2286285,薇我无酒,幻想未来,6619760,3,2023-02-18,"穿越时空,星际,系统,爽文",我用三句话吓哭全星际,2023-02-15,7.49万,言情,原创
3953916,司雨情,架空历史,7512269,1,2023-02-19,"爱情战争,天作之合,婚恋,爽文",妄折她,2023-02-16,8.54万,言情,原创
2146080,归鸿落雪,近代现代,6779144,2,2023-02-19,"异能,甜文,校园",闭嘴我不听,2023-02-16,10.41万,纯爱,原创
2157992,星陨落,架空历史,7717868,3,2023-02-19,"红楼梦,古典名著,聊斋,封神",诸天聊天群从西游开始,2023-02-16,11.08万,言情,衍生
3737933,熊熊云吞,近代现代,5678390,1,2023-02-21,"阴差阳错,励志人生,直播,咒回",没有当禅院家主的欲望,2023-02-18,8.75万,纯爱,衍生
2257287,糖中猫,近代现代,7791009,2,2023-02-21,"娱乐圈,系统,爽文",我在娱乐圈做神豪,2023-02-18,7.64万,言情,原创
3027978,糖果粉粉,近代现代,7602982,3,2023-02-21,"女配,打脸,穿书",穿成恶女配后，偏执男主不放过我！[快穿],2023-02-18,6.5万,言情,原创
2973098,与神同行,近代现代,7251962,4,2023-02-21,"穿越时空,系统,爽文,柯南",哥谭人米花生存RPG,2023-02-18,8.92万,言情,衍生
3080644,鱼不乖,幻想未来,6548702,3,2023-02-20,"科幻,女强,未来架空,爽文",穿成机器人后，我无敌了！,2023-02-17,7.98万,言情,原创
3044844,日日复日日,架空历史,6218983,2,2023-02-22,"仙侠修真,系统,甜文,穿书",当反派绑定了女主系统,2023-02-19,9.65万,言情,原创
2855001,风听澜,近代现代,7435760,3,2023-02-22,"恐怖,天作之合,乡村爱情,种田文",灵异文关底Boss竟是我老婆,2023-02-19,8.94万,百合,原创
1544336,南陶,架空历史,7413978,5,2023-02-23,"仙侠修真,打脸,爽文",沙雕师姐每天都在换人设,2023-02-20,9.17万,言情,原创
4753986,汪汪碎大冰,近代现代,6882028,9,2023-02-17,"情有独钟,天之骄子",织月亮[校园],2023-02-14,6.48万,言情,原创
4706460,长风缚雪,近代现代,7112741,10,2023-02-17,"幻想空间,情有独钟,恋爱合约,天作之合",钓系O的高冷小哭包,2023-02-14,9.64万,纯爱,原创
2152036,酸奶蛋糕,近代现代,7482598,4,2023-02-18,"豪门世家,重生,甜文,爽文",跟老板重回高中,2023-02-15,6.98万,言情,原创
2701708,昼眠梦君,幻想未来,6517895,5,2023-02-18,"幻想空间,爽文,直播,校园",开学第一天全校穿越,2023-02-15,10.92万,纯爱,原创
2345639,绿白黑,近代现代,3980267,6,2023-02-18,"强强,竞技,爽文,升级流",绝对巨星[足球],2023-02-15,9.86万,纯爱,衍生
4530410,淮青山,近代现代,7282235,7,2023-02-18,"豪门世家,甜文,快穿,爽文",从今天开始不做渣女[快穿],2023-02-15,8.87万,百合,原创
3730060,猫猫调查员,幻想未来,6900215,4,2023-02-19,"灵异神怪,前世今生,天作之合,校园",女友是怪物怎么办,2023-02-16,7.04万,言情,原创
4705953,银发天然卷,幻想未来,7484840,5,2023-02-19,"综漫,海贼王,女强,基建",我在伟大航路上靠基建当新皇,2023-02-16,12.59万,言情,衍生
2441433,黑皮犬,近代现代,4123344,6,2023-02-19,"打脸,穿书",乱世奶嗝受,2023-02-16,9.13万,纯爱,原创
1624015,狐狸不归,近代现代,6279001,7,2023-02-19,"幻想空间,豪门世家,情有独钟,因缘邂逅",秘密花园,2023-02-16,9.37万,纯爱,原创
2678673,一如恰,架空历史,6774929,8,2023-02-19,"情有独钟,仙侠修真,甜文,穿书",尊上他又在寻欢作乐[穿书],2023-02-16,9.03万,纯爱,原创
2376593,第一只喵,架空历史,6669296,5,2023-02-21,"宫廷侯爵,豪门世家,情有独钟,天作之合",贤妻如她,2023-02-18,9.16万,言情,原创
2158044,四叶草多一片,架空历史,7736981,6,2023-02-21,"综漫,文野,咒回,柯南",变成一个呱蛙子,2023-02-18,9.2万,无CP,衍生
1866162,祝君龄,幻想未来,5197839,7,2023-02-21,"穿越时空,种田文,美食,直播",给星际人民直播蓝星[种田],2023-02-18,8.9万,纯爱,原创
2413705,二月初九,近代现代,3998410,8,2023-02-21,"灵异神怪,无限流,直播,校园",我在无限大学佛系求生,2023-02-18,8.07万,纯爱,原创
3102358,桔柚子,近代现代,4977799,9,2023-02-21,"英美衍生,西方罗曼,游戏网游,超级英雄",[综英美]救世主模拟器,2023-02-18,8.73万,纯爱,衍生
1993323,林果冻,近代现代,4941349,4,2023-02-20,"女配,甜文,穿书",穿成娃综里的对照组女配,2023-02-17,6.38万,言情,原创
2148441,罗子逢,近代现代,5890609,4,2023-02-22,"种田文,穿书,爽文,年代文",七零炮灰亲妈苏醒后,2023-02-19,8.09万,言情,原创
2169444,王浩然,架空历史,3681976,5,2023-02-22,"武侠,穿越时空,系统,马甲文",[综武侠]圣火令,2023-02-19,9.91万,纯爱,衍生
4091985,麦田雪人,近代现代,6915603,6,2023-02-22,"豪门世家,情有独钟,古穿今,姐弟恋",我养大了真千金和真少爷,2023-02-19,9.15万,言情,原创
4377070,春归昼,近代现代,7617382,6,2023-02-23,"都市情缘,情有独钟,娱乐圈,甜文",白月光Omega总是在钓我,2023-02-20,9.84万,百合,原创
2509740,嫆钰,近代现代,7654235,7,2023-02-23,"综漫,强强,超级英雄,文野",背刺执行官上司后,2023-02-20,8.79万,言情,衍生
4982790,雾拾九,近代现代,7713381,8,2023-02-23,"花季雨季,天之骄子,娱乐圈,日韩",哥哥太多怎么办[娱乐圈],2023-02-20,8.49万,无CP,衍生
3539766,智齿不是病,近代现代,7244365,9,2023-02-23,"种田文,甜文,年代文",七零重组一家人,2023-02-20,8.69万,言情,原创
5284555,今知有谁,近代现代,7695524,11,2023-02-17,"幻想空间,异世大陆",[原神]成为愚人众第六席之后,2023-02-14,9.3万,言情,衍生
5388303,炼丹炉,近代现代,7699825,12,2023-02-17,"时代奇缘,爽文",顶流的神棍妹妹在娃综爆红,2023-02-14,12.58万,言情,原创
3870399,叶卡,近代现代,6396821,13,2023-02-17,"豪门世家,重生,爽文,玄学",假千金在玄学综艺团宠了,2023-02-14,7.03万,言情,原创
1985670,苏昔,架空历史,6637561,8,2023-02-18,"穿越时空,爽文,东方玄幻",打造修仙界第一世家,2023-02-15,9.57万,言情,原创
1575589,季阅,近代现代,5856767,9,2023-02-18,"都市情缘,豪门世家",晚九朝五,2023-02-15,9.04万,纯爱,原创
3113570,三花喵,架空历史,7318444,10,2023-02-18,"强强,仙侠修真,爽文",全家大佬我养老,2023-02-15,8.87万,言情,原创
3852685,喃喃果,架空历史,5783100,11,2023-02-18,"爱情战争,天作之合,甜文",簪我长安花,2023-02-15,9.02万,言情,原创
1124503,桃花引,近代现代,7433172,9,2023-02-19,"甜文,穿书,爽文",穿书后我被豪门大佬娇宠了,2023-02-16,6.59万,言情,原创
3730164,终晚夏,近代现代,6432748,10,2023-02-19,"情有独钟,娱乐圈,甜文,爽文",我真没想在恋综当万人迷,2023-02-16,10.79万,纯爱,原创
5387715,stillcallingme,近代现代,7692579,10,2023-02-21,"天之骄子,竞技",[足球]巴西兔子食肉吗？,2023-02-18,16.98万,纯爱,衍生
5338184,辣油粽,近代现代,7733383,5,2023-02-20,"情有独钟,种田文,穿书,年代文",穿成对照组女配[七零],2023-02-17,8.6万,言情,原创
5220835,诸葛咸鱼,近代现代,7514825,6,2023-02-20,"娱乐圈,系统,穿书,爽文",我，拆房专家[娱乐圈],2023-02-17,7.39万,言情,原创
2371041,水仙乘鲤,近代现代,5145048,7,2023-02-22,"娱乐圈,打脸,甜文,穿书",钓系咸鱼穿成综艺万人嫌摆烂后,2023-02-19,9.15万,纯爱,原创
2276992,盐焗大龙虾,架空历史,6770076,8,2023-02-22,"穿越时空,仙侠修真,爽文,升级流",效率修仙第一人,2023-02-19,10.84万,言情,原创
1558656,踏蓉客,近代现代,7435052,9,2023-02-22,"娱乐圈,穿书,爽文,直播",漂亮炮灰在恋综成了万人迷,2023-02-19,8.72万,纯爱,原创
4088438,三两秋,近代现代,6645377,10,2023-02-23,"女配,系统,快穿,穿书",短命炮灰皆成白月光[快穿],2023-02-20,7.43万,言情,原创
1348881,青律,古色古香,6929335,11,2023-02-23,"天之骄子,平步青云,爽文,升级流",抱歉我修轮回道,2023-02-20,11.04万,言情,原创
4432440,岁初寒,近代现代,6953412,14,2023-02-17,"情有独钟,系统,穿书,校园",在校园文中充当工具人,2023-02-14,17.56万,纯爱,原创
4379498,禅酒,幻想未来,6496774,12,2023-02-18,"强强,幻想空间,甜文,穿书",绿茶受他分化成了顶级A,2023-02-15,9.7万,纯爱,原创
2591484,刘南南,近代现代,7583495,13,2023-02-18,"欢喜冤家,娱乐圈,都市异闻",顶流兄妹靠“撕逼”在综艺爆红,2023-02-15,6.14万,言情,原创
2396474,寻路路,幻想未来,7662785,14,2023-02-18,"综漫,少女漫,文野,柯南",提瓦特猫猫饲养记录,2023-02-15,11.35万,言情,衍生
1835637,荔芒,近代现代,6685735,11,2023-02-19,"年下,都市情缘,情有独钟,甜文",暧昧陷阱,2023-02-16,7.78万,百合,原创
2246150,折星辰,近代现代,5123072,12,2023-02-19,励志人生,娇吻,2023-02-16,6.38万,言情,原创
2445547,雪客,近代现代,7596086,11,2023-02-21,"都市情缘,情有独钟,因缘邂逅,恋爱合约",她好像不适应有个老婆,2023-02-18,7.98万,百合,原创
852591,无稽之谈,架空历史,7073222,12,2023-02-21,"强强,年下,励志人生,基建",亡国之君他会读心！,2023-02-18,9.47万,纯爱,原创
1908339,不及流光,近代现代,6594813,7,2023-02-20,"火影,穿越时空,少年漫,成长",宇智波一树今天回家了吗,2023-02-17,8.91万,无CP,衍生
2349398,更知,近代现代,5083945,10,2023-02-22,"生子,娱乐圈,星际,甜文",小人鱼他超粘人的,2023-02-19,8.19万,纯爱,原创
412296,黑猫白白,近代现代,4991402,11,2023-02-22,"系统,穿书,爽文,年代文",七零女知青美又凶,2023-02-19,7.6万,言情,原创
2678559,宋昭,近代现代,5733125,12,2023-02-23,"豪门世家,天之骄子",高台明月,2023-02-20,7.2万,言情,原创
4393389,告熹通,近代现代,7559912,13,2023-02-23,"网王,花季雨季,天之骄子,少年漫",神之子的姐姐不是神之女,2023-02-20,17.62万,言情,衍生
2841005,简淡,幻想未来,7701553,14,2023-02-23,"幻想空间,情有独钟,女强,萌宠",穿成虎鲸后我被迫内卷了,2023-02-20,8.06万,言情,原创
2775971,我寻,架空历史,5999993,15,2023-02-17,"东方玄幻,萌宠",随便捡小狗会出大问题,2023-02-14,8.91万,言情,原创
5407660,祈芡,近代现代,7720829,16,2023-02-17,"豪门世家,娱乐圈,现代架空,都市异闻",看到老公头顶弹幕后我爆红了,2023-02-14,9.88万,言情,原创
4595898,仗马,近代现代,7241338,15,2023-02-18,"生子,都市情缘,豪门世家,娱乐圈",大佬假戏真做后我带球跑了,2023-02-15,12.31万,纯爱,原创
2256911,混吃等死中,架空历史,3932442,16,2023-02-18,"虐恋情深,打脸,快穿,复仇虐渣",黑月光总抢火葬场[快穿],2023-02-15,10.52万,纯爱,原创
5012296,月趻,近代现代,7352591,17,2023-02-18,"强强,虐恋情深,现代架空",温驯烈火[女尊],2023-02-15,8.95万,女尊,原创
291895,花冉叶,近代现代,7059366,18,2023-02-18,"网王,近水楼台,天之骄子,少年漫",无法拒绝的越前同学,2023-02-15,9.01万,言情,衍生
3382750,潜寐,近代现代,6219237,13,2023-02-19,"年下,重生,穿书",炮灰死后成了女主的白月光。,2023-02-16,9.31万,百合,原创
5320458,黄金厚蛋烧,近代现代,7738787,14,2023-02-19,"近水楼台,穿越时空,游戏网游,现代架空",[原神]大风纪官今天也很生气,2023-02-16,8.33万,言情,衍生
5099660,宋九音,近代现代,7333815,15,2023-02-19,"幻想空间,甜文,萌宠",我的男友是毛茸茸顶流,2023-02-16,9.14万,纯爱,原创
5337870,升兮兮,近代现代,7745352,16,2023-02-19,"生子,豪门世家,娱乐圈,爽文",真少爷带球跑后所有人火葬场了,2023-02-16,8.58万,纯爱,原创
4715588,鹤吾,幻想未来,7718485,17,2023-02-19,"恐怖,无限流,悬疑推理,直播",规则怪谈直播间[无限],2023-02-16,7.73万,言情,原创
2031329,阿扶光,近代现代,7195631,13,2023-02-21,"情有独钟,天作之合,娱乐圈,甜文",和顶流宿敌上恋爱综艺后,2023-02-18,10.32万,纯爱,原创
2825117,苏流云,近代现代,6409839,14,2023-02-21,"豪门世家,情有独钟,娱乐圈,甜文",小可怜在恋综被宠飞了,2023-02-18,9.61万,纯爱,原创
1871928,闫桔,架空历史,6777010,8,2023-02-20,"情有独钟,天作之合,穿越时空",穿成心机丫鬟后,2023-02-17,10.6万,言情,原创
3075061,文予,近代现代,7597117,9,2023-02-20,"豪门世家,虐恋情深,相爱相杀,爽文",万人嫌活成甜文主角,2023-02-17,12.09万,纯爱,原创
2520966,热到昏厥,近代现代,5133510,10,2023-02-20,"都市情缘,欢喜冤家,甜文",和情敌结婚以后,2023-02-17,8.12万,百合,原创
3078328,洋洋兮与,架空历史,7422892,11,2023-02-20,"天作之合,甜文",摆烂后我成为了皇后,2023-02-17,9.21万,言情,原创
5367941,雨落随风,幻想未来,7663105,12,2023-02-20,"幻想空间,种田文,异能,萌宠",全球进化后我辞职去种田了,2023-02-17,14.81万,纯爱,原创
4862602,楠言羽,近代现代,7037005,12,2023-02-22,"综漫,家教,灵魂转换,咒回",当十代目和最强灵魂互换,2023-02-19,9.04万,无CP,衍生
3945061,春书,近代现代,6480442,13,2023-02-22,"打脸,快穿,爽文",清冷美人[快穿],2023-02-19,7.3万,言情,原创
4900007,种瓜,近代现代,7503782,15,2023-02-23,"都市情缘,天之骄子,业界精英,甜文",固定宠爱,2023-02-20,6.32万,言情,原创
819114,梦廊雨,近代现代,7040624,16,2023-02-23,"恐怖,女强,无限流,爽文",我全家都穿进了无限游戏,2023-02-20,7.23万,言情,原创
4033601,羽漱临风,架空历史,7264383,17,2023-02-17,"强强,宫廷侯爵,情有独钟,重生",我见美人如名将,2023-02-14,13.38万,纯爱,原创
2318882,桃心向太阳,幻想未来,7673972,18,2023-02-17,"异能,女强,爽文,升级流",克系灵气复苏进行中,2023-02-14,10.44万,无CP,原创
2362611,懒寻,近代现代,3919432,19,2023-02-17,"都市情缘,娱乐圈,甜文",闪光暗恋[娱乐圈],2023-02-14,7.83万,言情,原创
1985624,十方骨,近代现代,4390967,20,2023-02-17,"都市情缘,豪门世家,破镜重圆,成长",白月光的替身不干了,2023-02-14,10.83万,纯爱,原创
3745318,北山小石,近代现代,6146310,19,2023-02-18,"综漫,少年漫,系统,咒回",万人迷游戏养崽后，成为大佬们的白月光,2023-02-15,8.49万,言情,衍生
1727405,蔚竹,近代现代,5828342,20,2023-02-18,"豪门世家,天之骄子,甜文",豪门作精的婚后日常,2023-02-15,6.07万,言情,原创
2691084,果冻橙,近代现代,4482585,21,2023-02-18,"豪门世家,励志人生",骄矜,2023-02-15,6.47万,言情,原创
3097366,半今八两,幻想未来,7126994,22,2023-02-18,"女强,星际,穿书,爽文",被迫成为最强机甲师,2023-02-15,8.63万,言情,原创
3390067,金堆玉砌,幻想未来,5938232,23,2023-02-18,"强强,穿越时空,机甲,星际",虫族之软饭硬吃,2023-02-15,10.59万,纯爱,原创
4879045,吱吱复吱吱,幻想未来,7025291,24,2023-02-18,"异能,游戏网游,星际,爽文",星际第一打野,2023-02-15,13.5万,纯爱,原创
1848202,豆子禹,近代现代,5707220,18,2023-02-19,"种田文,励志人生,穿书,年代文",穿到九零赚百亿,2023-02-16,8.47万,言情,原创
1693243,豆瓣君,近代现代,3033656,19,2023-02-19,"豪门世家,宅斗,穿书",穿书之克夫男寡,2023-02-16,11.44万,纯爱,原创
1722649,红豆米稀,架空历史,5038251,20,2023-02-19,"穿书,爽文,西幻,基建",花瓶公爵他不装了[基建],2023-02-16,10.78万,纯爱,原创
2699203,龙九九,架空历史,4443895,15,2023-02-21,"强强,虐恋情深,破镜重圆,仙侠修真",六界第一白月光读档重来了,2023-02-18,9.73万,纯爱,原创
2628015,紅桃九,近代现代,5256314,16,2023-02-21,"强强,年下,豪门世家,欢喜冤家",新来的助理不对劲,2023-02-18,8.86万,纯爱,原创
4763677,阿然七七,近代现代,7233112,13,2023-02-20,"穿越时空,种田文,女配,年代文",六零俏美人西北娇宠日常,2023-02-17,8.31万,言情,原创
5389941,知柿,近代现代,7695980,14,2023-02-20,"灵异神怪,爽文,直播,玄学",我继承了一家纸扎店,2023-02-17,8.95万,纯爱,原创
2478040,小蛮仙,架空历史,6351749,15,2023-02-20,"宫廷侯爵,天作之合,甜文",趴墙小宫女,2023-02-17,9.5万,言情,原创
2132584,谢知微,近代现代,6895077,14,2023-02-22,"恋爱合约,天作之合,业界精英,甜文",奈何上司太会撩,2023-02-19,8.75万,纯爱,原创
2229808,空中两条鱼,近代现代,6236299,15,2023-02-22,"时代奇缘,穿越时空,爽文",我的超市会升级[慢穿],2023-02-19,8.4万,言情,原创
2321702,岁岁千,架空历史,3979793,16,2023-02-22,"宫廷侯爵,情有独钟,天作之合,甜文",夫君失踪后他权倾朝野了,2023-02-19,12.18万,言情,原创
3593619,清途R,近代现代,6348971,17,2023-02-22,"近水楼台,破镜重圆,天之骄子,校园",暖味（nuǎnwèi）,2023-02-19,7.09万,言情,原创
2437084,温似鹿,近代现代,7420808,18,2023-02-22,"穿越时空,娱乐圈,甜文,姐弟恋",和明星合约恋爱后所有人都在等我分手,2023-02-19,5.44万,言情,原创
5159477,君年笠,幻想未来,7401222,19,2023-02-22,"幻想空间,娱乐圈,星际,萌宠",我在恋综撸大猫,2023-02-19,12.74万,纯爱,原创
4559143,关抒耳,近代现代,6885629,17,2023-02-23,"情有独钟,天之骄子,甜文,校园",兔子的回礼,2023-02-20,7.17万,言情,原创
4507897,逐月少女A,幻想未来,6600173,18,2023-02-23,"强强,重生,末世,爽文",救世主他又凶又美［重生］,2023-02-20,8.64万,纯爱,原创
4195612,抵岸,近代现代,6933407,19,2023-02-23,"穿越时空,系统,甜文,快穿",第一美强惨拯救计划［快穿］,2023-02-20,8.71万,纯爱,原创
4691829,徒安,近代现代,6867088,20,2023-02-23,"青梅竹马,娱乐圈,甜文",和顶流竹马隐婚后掉马了,2023-02-20,6.64万,言情,原创
3513269,倚栏一株雪,架空历史,6015933,21,2023-02-23,"红楼梦,穿书,朝堂之上,经商",[红楼]薛霸王今天跪搓衣板了吗？,2023-02-20,10.02万,言情,衍生
2809542,ling无点墨,近代现代,6915774,21,2023-02-17,"豪门世家,情有独钟,娱乐圈",表面影帝黑粉，实际影帝老婆[穿书],2023-02-14,25.9万,纯爱,原创
4508890,此间有云,近代现代,6608610,22,2023-02-17,"女配,系统,甜文,穿书",女配在BE恋综里专心制糖,2023-02-14,8.14万,言情,原创
3049539,风味酸奶,近代现代,6862018,25,2023-02-18,"情有独钟,天作之合,甜文,校园",oh~这该死的兄弟情,2023-02-15,8.68万,纯爱,原创
902476,棠眠,近代现代,4632552,26,2023-02-18,"情有独钟,破镜重圆,婚恋",跟前任破镜重圆,2023-02-15,6.96万,言情,原创
3006392,喜发财,近代现代,5278205,27,2023-02-18,"娱乐圈,星际,系统,甜文",我老婆超棒,2023-02-15,9.78万,纯爱,原创
4151464,湖中歌,架空历史,6148414,28,2023-02-18,"情有独钟,近水楼台,仙侠修真,甜文",孽徒对我心存妄想,2023-02-15,8.41万,百合,原创
652321,最爱嗑瓜子,幻想未来,7689885,29,2023-02-18,"随身空间,末世",囤货从捡垃圾开始,2023-02-15,11.28万,言情,原创
4504271,二两鱼卷,近代现代,6588856,30,2023-02-18,"豪门世家,恋爱合约,天之骄子,业界精英",别打我主意,2023-02-15,7.47万,言情,原创
2857782,诚一,架空历史,7572894,21,2023-02-19,"情有独钟,穿越时空",登科及第,2023-02-16,10.43万,言情,原创
2388100,甘洄,近代现代,4158125,22,2023-02-19,"豪门世家,情有独钟,娱乐圈,甜文",被退婚后，我嫁入豪门冲喜了,2023-02-16,10.66万,纯爱,原创
2851778,鸽子飞升,架空历史,5964494,23,2023-02-19,重生,追夫火葬场被截胡了,2023-02-16,9.31万,言情,原创
5258660,鱼肉包,近代现代,7614182,24,2023-02-19,"综漫,文野,咒回,柯南",有了神之眼后我的手办活过来了,2023-02-16,13.92万,无CP,衍生
4832457,安日天,近代现代,7577234,17,2023-02-21,"爱情战争,青梅竹马,励志人生,逆袭",我兄弟成了我老婆,2023-02-18,8.75万,纯爱,原创
663309,lesliya,幻想未来,3410927,18,2023-02-21,"灵异神怪,恐怖,现代架空,异闻传说",404公寓住户须知,2023-02-18,7.79万,言情,原创
4906290,桃月十八,近代现代,7640996,19,2023-02-21,"幻想空间,豪门世家,甜文,现代架空",情敌全都不对劲,2023-02-18,11.28万,纯爱,原创
3696418,日富一日,架空历史,7325115,20,2023-02-21,"豪门世家,穿越时空,美食,经商",穿成被休原配想躺平(美食),2023-02-18,15.35万,言情,原创
5365785,白手套和猪肉脯,近代现代,7659870,21,2023-02-21,"网王,天之骄子,重生,黑篮",当赤司去打网球,2023-02-18,14.76万,无CP,衍生
930550,和衣倒人怀,近代现代,5586391,16,2023-02-20,"时代奇缘,幻想空间,爽文",百年后我成了祖师奶奶[玄学],2023-02-17,7.68万,言情,原创
4331173,温水煮茶,近代现代,7674062,17,2023-02-20,"豪门世家,娱乐圈,婚恋,穿书",穿成病危千金的冲喜夫人,2023-02-17,7.54万,百合,原创
4888695,星流过旷,幻想未来,7636505,18,2023-02-20,"幻想空间,灵异神怪,情有独钟,甜文",祈愿的苗疆少年被神明缠上了,2023-02-17,8.34万,纯爱,原创
2471600,灰纹理,幻想未来,5676146,19,2023-02-20,"网王,综漫,天之骄子,爽文",狐仙候补仁王君,2023-02-17,12.93万,无CP,衍生
1575489,妄西,近代现代,5286384,20,2023-02-22,"综漫,家教,海贼王,文野",彭格列的海外事业,2023-02-19,8.66万,无CP,衍生
4012128,既弥,近代现代,6119072,21,2023-02-22,"破镜重圆,天之骄子,校园",再溺,2023-02-19,5.31万,言情,原创
3465686,大米红,幻想未来,6865604,22,2023-02-22,"恐怖,无限流,爽文",空洞恩赐[无限],2023-02-19,9.96万,言情,原创
3448196,月霁光风,近代现代,7320720,23,2023-02-22,"美食,甜文,穿书,年代文",六零钢铁厂小厨娘,2023-02-19,6.9万,言情,原创
5389433,小喷菇,幻想未来,7695331,24,2023-02-22,"种田文,女强,美食,西幻",满级魔女，在线种田,2023-02-19,16.21万,无CP,原创
3702630,良月长安,近代现代,7513351,25,2023-02-22,重生,八零年代嫁混混,2023-02-19,9.32万,言情,原创
3970615,鲮雨,幻想未来,6265949,22,2023-02-23,"情有独钟,穿越时空,甜文,未来架空",穿越异世后我竟然成了药酒师,2023-02-20,8.44万,纯爱,原创
2395658,初一大白,近代现代,4175129,23,2023-02-23,"时代奇缘,爽文",不要过来啊[玄学],2023-02-20,7.52万,言情,原创
4681925,棉花躺,近代现代,6974029,24,2023-02-23,穿越时空,豪门后妈带反派崽崽上娃综,2023-02-20,8.99万,言情,原创
3758192,第几只鬼,近代现代,7639573,23,2023-02-17,"生子,豪门世家,婚恋,甜文",和前任他叔联姻后我怀崽了,2023-02-14,8.7万,纯爱,原创
4869251,千柒染染,架空历史,7672889,31,2023-02-18,"异世大陆,穿越时空,游戏网游",[原神]转生成为帝君之女,2023-02-15,8.68万,言情,衍生
2344784,问西来意,架空历史,5015794,32,2023-02-18,"灵异神怪,天之骄子,仙侠修真,东方玄幻",战死的道侣回来了,2023-02-15,8.81万,百合,原创
3345656,月下倾舞,架空历史,7621959,33,2023-02-18,"红楼梦,宫廷侯爵,天作之合,穿越时空",红楼之恒心向玉,2023-02-15,14.31万,言情,衍生
2401021,疯狂更新,架空历史,7138701,34,2023-02-18,"生子,年下,穿书,基建",聋哑废太子在别国搞基建,2023-02-15,9.65万,纯爱,原创
3979209,晴空岚,近代现代,5946325,25,2023-02-19,"都市情缘,情有独钟,业界精英,甜文",逐星,2023-02-16,15.07万,言情,原创
4297569,网织鱼,架空历史,6422953,26,2023-02-19,穿越时空,假千金靠种菜认祖归宗,2023-02-16,10.33万,言情,原创
3046374,元鱼琥珀,架空历史,7449903,27,2023-02-19,"宫廷侯爵,重生",和离后我重生了,2023-02-16,10.75万,言情,原创
4779218,菀见,近代现代,7581396,28,2023-02-19,"花季雨季,现代架空,校园",小猫球不就是用来宠的,2023-02-16,8.7万,纯爱,原创
4765372,桃柳笑春风,架空历史,7278332,29,2023-02-19,"穿越时空,爽文",书院文具店,2023-02-16,10.49万,言情,原创
773022,斯迈尔夫人,架空历史,7546402,30,2023-02-19,"火影,少年漫,系统,文野",当BOSS们有了模拟器,2023-02-16,13.8万,纯爱,衍生
5395311,风亦停,架空历史,7703709,31,2023-02-19,"强强,江湖恩怨,情有独钟,因缘邂逅",剑过青山又相逢,2023-02-16,12.62万,百合,原创
4110024,扶文川,近代现代,6810792,22,2023-02-21,"娱乐圈,打脸,穿书,爽文",痛感转移后在综艺爆红了,2023-02-18,7.22万,言情,原创
2389650,噤非,近代现代,7006867,23,2023-02-21,"情有独钟,娱乐圈,甜文,爽文",失忆后我靠戏精人设在综艺大爆,2023-02-18,10.28万,纯爱,原创
4801208,半夏微胖,近代现代,7628271,20,2023-02-20,"欢喜冤家,阴差阳错,古穿今,成长",大力公主在民国,2023-02-17,8.12万,言情,原创
4794037,灰白菜菜,架空历史,7189679,21,2023-02-20,"红楼梦,随身空间,穿越时空,种田文",[红楼]贾琏夫妇求生日常,2023-02-17,13.62万,言情,衍生
4416840,令歌,架空历史,7150627,26,2023-02-22,"生子,情有独钟,女强",惹人怜爱的夫郎（女尊）,2023-02-19,8.68万,女尊,原创
3227035,顾九遥,幻想未来,5004702,27,2023-02-22,"豪门世家,甜文,穿书,爽文",皇太子他又在自我攻略,2023-02-19,15.87万,纯爱,原创
822263,琴寒烟,幻想未来,4930466,28,2023-02-22,"幻想空间,科幻,末世,未来架空",穿成一条座头鲸,2023-02-19,8.43万,言情,原创
3096412,小琉,幻想未来,5069427,29,2023-02-22,"异能,末世,爽文",这个玩家太离谱了,2023-02-19,8.83万,言情,原创
2099800,翠沼,近代现代,7057421,30,2023-02-22,"综漫,少年漫,系统,柯南",酒厂BOSS决定从良,2023-02-19,8.38万,言情,衍生
2444115,意不知,架空历史,5269690,31,2023-02-22,"穿越时空,朝堂之上",距离亡国五千天,2023-02-19,26.64万,言情,原创
2589669,孟小凡,近代现代,6297325,32,2023-02-22,"情有独钟,欢喜冤家,天作之合,甜文",直播撩回前男友,2023-02-19,16.67万,言情,原创
3710575,檐下月,近代现代,7070651,25,2023-02-23,"都市情缘,破镜重圆",潮热夏雨,2023-02-20,9.31万,纯爱,原创
2587049,沐星光,近代现代,6120966,26,2023-02-23,"猎人,综漫,重生,柯南",许愿机在柯学世界沙雕救济,2023-02-20,8.29万,无CP,衍生
4698212,玖点啾,近代现代,6817588,27,2023-02-23,校园,早熟,2023-02-20,7.84万,言情,原创
4329406,艾花生,架空历史,7210278,28,2023-02-23,"种田文,游戏网游,萌宠,基建",[原神]魔神今天也在装蒜,2023-02-20,11.88万,无CP,衍生
4524317,倪大歌,架空历史,7264645,29,2023-02-23,"甜文,穿书",穿成狗血文里的女帝后,2023-02-20,11.84万,言情,原创
4146698,蕴星,近代现代,6612754,30,2023-02-23,"都市情缘,制服情缘,业界精英,甜文",与光同尘,2023-02-20,6.66万,言情,原创
4756165,干锅鸭爪,架空历史,7489928,24,2023-02-17,"灵异神怪,仙侠修真,异能,甜文",高岭之花被渣后沦为堕仙,2023-02-14,11.37万,言情,原创
5383399,红豆番薯,近代现代,7686481,35,2023-02-18,"都市情缘,情有独钟",打工人今天还在受气吗,2023-02-15,14.08万,言情,原创
4647893,狂想先知,近代现代,7705550,36,2023-02-18,"竞技,业界精英,现代架空,爽文",场均失球一点零[足球],2023-02-15,9.32万,言情,衍生
5407323,青女霜,架空历史,7720369,37,2023-02-18,甜文,黑莲花师弟总以为自己是替身,2023-02-15,8.49万,言情,原创
5346653,夙雀翱粲,架空历史,7704953,38,2023-02-18,"穿越时空,女强,甜文,穿书",夫郞是个小哭包（女尊）,2023-02-15,11.33万,女尊,原创
3945497,东青衔枝,架空历史,7704939,39,2023-02-18,"奇幻魔幻,欢喜冤家,西幻,史诗奇幻",我那暴躁的魔法师男友,2023-02-15,9.41万,纯爱,原创
4295688,今知子,近代现代,6816181,40,2023-02-18,"情有独钟,恋爱合约,甜文,校园",绿茶舍友他天天都在钓我,2023-02-15,9.43万,纯爱,原创
4840665,安潼,架空历史,7073501,41,2023-02-18,"红楼梦,穿书,科举,朝堂之上",[红楼+科举]我在荣国府搞内卷,2023-02-15,12.77万,言情,衍生
4418432,尖刀猫,古色古香,7091710,42,2023-02-18,"情有独钟,历史衍生,古典名著,萌宠",[西游]唐妖征订录,2023-02-15,9.84万,纯爱,衍生
2448836,孙家小娘,架空历史,4855398,32,2023-02-19,"布衣生活,重生,市井生活,小门小户",女配罢工日记,2023-02-16,29.14万,言情,原创
4303980,金金阿月,近代现代,7599424,33,2023-02-19,"情有独钟,穿越时空,民国旧影,年代文",金陵春,2023-02-16,9.97万,纯爱,原创
3734519,小七不月半,架空历史,6381489,34,2023-02-19,欢喜冤家,狠毒夫妇对付过日常,2023-02-16,9.99万,言情,原创
4137792,绝世小垃圾,近代现代,6443641,24,2023-02-21,"豪门世家,天作之合,娱乐圈,甜文",老婆总以为我很渣,2023-02-18,8.62万,百合,原创
282324,漠漠无雨,近代现代,4632110,25,2023-02-21,"时代奇缘,豪门世家,甜文,爽文",玄学大佬穿成白月光替身,2023-02-18,9.67万,言情,原创
4909995,躺着当咸鱼,架空历史,7064357,26,2023-02-21,"火影,综漫,海贼王,咒回",论奶妈救人的正确方式,2023-02-18,30.05万,言情,衍生
4204916,酒尔呀,近代现代,7759622,22,2023-02-20,"都市情缘,情有独钟,因缘邂逅,励志人生",恋爱吧，就现在,2023-02-17,7.05万,言情,原创
117014,淡樱,近代现代,4852000,23,2023-02-20,"豪门世家,情有独钟,甜文",月亮指令,2023-02-17,6.98万,言情,原创
5356995,浮见月,幻想未来,7647963,24,2023-02-20,"强强,游戏网游,爽文,直播",游戏主播竟是联邦神狙[全息],2023-02-17,14.33万,纯爱,原创
757095,牛尔尔,近代现代,4343866,25,2023-02-20,"情有独钟,因缘邂逅,恋爱合约,甜文",玫瑰与红烧肉,2023-02-17,7.97万,百合,原创
2353957,惘若,近代现代,7547073,26,2023-02-20,都市情缘,纸婚,2023-02-17,7.28万,言情,原创
4051629,孙筱西,近代现代,5999991,33,2023-02-22,"豪门世家,情有独钟,破镜重圆,甜文",捧杀[娱乐圈],2023-02-19,14.23万,言情,原创
1935173,鲤什么,近代现代,3982083,34,2023-02-22,"情有独钟,破镜重圆,娱乐圈,甜文",巨星前夫竟是我的死忠粉[娱乐圈],2023-02-19,20.02万,纯爱,原创
4297562,绯西,架空历史,7582597,31,2023-02-23,"综漫,齐神,文野,咒回",身为齐神他妹的我和虎杖HE了,2023-02-20,22.57万,言情,衍生
2157992,星陨落,近代现代,5230902,32,2023-02-23,"种田文,重生,甜文,年代文",全家重回八零经营致富,2023-02-20,18.22万,言情,原创
1565117,忆晓晓,幻想未来,6172560,33,2023-02-23,"强强,恐怖,无限流,爽文",凶夜降临[无限],2023-02-20,7.42万,言情,原创
5349533,千金不醉,架空历史,7644090,34,2023-02-23,"情有独钟,天作之合,穿书,成长",这个小师妹我不当了,2023-02-20,10.08万,言情,原创
5247832,十月甜枣,古色古香,7554579,25,2023-02-17,"清穿,天作之合,穿越时空,甜文",清穿之八福晋,2023-02-14,12.15万,言情,原创
5058334,笨蛋鱼鱼,架空历史,7247870,26,2023-02-17,"天作之合,系统,甜文,穿书",救世系统她跟着反派跑了！,2023-02-14,9.14万,言情,原创
3225136,林以枳,幻想未来,5502042,27,2023-02-17,"异能,末世,游戏网游,未来架空",靠炼金术成为全球第一制作商[星际],2023-02-14,11.14万,言情,原创
4875594,辞叶宵,近代现代,7691743,28,2023-02-17,"情有独钟,天作之合,重生,甜文",与你天注定,2023-02-14,14.23万,百合,原创
484670,百里挑一,架空历史,7398554,43,2023-02-18,"随身空间,穿越时空,种田文,末世",末世求生，但在古代,2023-02-15,20.91万,言情,原创
496153,落花浅笑,近代现代,7562309,44,2023-02-18,"情有独钟,穿越时空,甜文",穿成校园文的校花女配,2023-02-15,11.75万,言情,原创
4558241,拿铁奶夕,近代现代,6666078,45,2023-02-18,"花季雨季,欢喜冤家,破镜重圆,校园",掉马后死对头真香了,2023-02-15,13.49万,纯爱,原创
4680467,江月初,架空历史,6905567,46,2023-02-18,"强强,情有独钟,穿越时空,仙侠修真",龙傲天的炮灰夫君,2023-02-15,15.39万,纯爱,原创
4712502,野沐,架空历史,7002013,47,2023-02-18,"前世今生,仙侠修真,系统,穿书",拯救师尊后被迫成为万人迷,2023-02-15,10.84万,纯爱,原创
5138329,一只根号四,近代现代,7528202,48,2023-02-18,"情有独钟,甜文,成长",小摄影师仰望的星河,2023-02-15,14.24万,百合,原创
2580233,原追,近代现代,4653498,49,2023-02-18,"都市情缘,边缘恋歌,天之骄子,婚恋",消融黑夜,2023-02-15,6.49万,言情,原创
2161177,明顾,近代现代,5982360,35,2023-02-19,"三教九流,近水楼台",过境,2023-02-16,13.08万,言情,原创
2219409,抱不动春寒,近代现代,7411099,36,2023-02-19,"都市情缘,情有独钟,因缘邂逅,甜文",在你的眼眸,2023-02-16,20.11万,百合,原创
3703288,晚饮无,近代现代,6128117,27,2023-02-21,"幻想空间,情有独钟,甜文,穿书",直男?你最好是,2023-02-18,9.47万,纯爱,原创
4667720,不尽不由,幻想未来,6786684,28,2023-02-21,"幻想空间,情有独钟,种田文,机甲",雄虫手打柠檬茶暴富[虫族],2023-02-18,11.34万,纯爱,原创
4113615,流光樱桃,架空历史,6351166,29,2023-02-21,"宫廷侯爵,情有独钟,甜文",将军难撩,2023-02-18,9.5万,言情,原创
457536,我即江湖,架空历史,5440708,30,2023-02-21,"江湖恩怨,情有独钟,甜文,穿书",今天也靠抽卡活命[穿书],2023-02-18,9.58万,纯爱,原创
5021497,胡姬花,架空历史,7338139,31,2023-02-21,"强强,前世今生,重生,相爱相杀",魔尊他有性别认知障碍,2023-02-18,18.78万,纯爱,原创
1376321,韩七酒,架空历史,7062084,32,2023-02-21,"情有独钟,欢喜冤家,甜文,朝堂之上",穿成美娇娘的心头肉,2023-02-18,16.64万,百合,原创
3809776,观樱,架空历史,7374170,33,2023-02-21,"宫廷侯爵,天作之合,甜文",蛊心,2023-02-18,8.08万,言情,原创
4614108,在酒,架空历史,7232849,34,2023-02-21,边缘恋歌,偏执夺娇,2023-02-18,8.98万,言情,原创
4515609,桃味大福,近代现代,6943886,27,2023-02-20,"综漫,青梅竹马,少年漫,柯南",和景光贴贴,2023-02-17,8.99万,言情,衍生
2650110,是如,幻想未来,4462865,28,2023-02-20,"星际,网红,直播,萌宠",我靠直播养主人,2023-02-17,8.85万,纯爱,原创
2256661,季七欢,幻想未来,6787182,29,2023-02-20,"女强,美食,星际,爽文",我在怪物巢穴干饭,2023-02-17,5.79万,言情,原创
3443782,陈年烈酒,架空历史,7115986,30,2023-02-20,"穿越时空,甜文,爽文",别救我！我要回家！,2023-02-17,8.85万,言情,原创
3137978,百里合气,架空历史,6196562,31,2023-02-20,"仙侠修真,系统,穿书",穿成战五渣后整个宗门都开始内卷了,2023-02-17,8.09万,百合,原创
1138329,福禄丸子,近代现代,4163509,32,2023-02-20,"都市情缘,恋爱合约,天之骄子,娱乐圈",春野,2023-02-17,7.56万,言情,原创
4560170,飞萌,架空历史,7384046,35,2023-02-23,"强强,宫廷侯爵,重生,甜文",公主命（重生）,2023-02-20,42.42万,言情,原创
3945439,眠星枕月,近代现代,5832468,36,2023-02-23,"灵异神怪,恐怖,三教九流,玄学",不要和阎王做交易,2023-02-20,28.66万,无CP,原创
3957578,莫晴沙,近代现代,6172125,37,2023-02-23,"穿书,爽文,逆袭,校园",虐文女主是我妈[穿书],2023-02-20,33.18万,言情,原创
4812410,妖叄肆灵,近代现代,6937392,38,2023-02-23,"古穿今,甜文,现代架空,年代文",七零之娇娇的忠犬老公,2023-02-20,25.79万,言情,原创
4634700,虚舟有越,架空历史,6706644,39,2023-02-23,"穿越时空,种田文,系统,甜文",我有一个饿死鬼系统,2023-02-20,77.23万,言情,原创
1802587,蓝桥遗梦,近代现代,4439669,40,2023-02-23,"都市情缘,情有独钟,甜文,姐弟恋",婚昏欲睡,2023-02-20,20.74万,言情,原创
1258129,画城,架空历史,2580816,41,2023-02-23,"灵异神怪,情有独钟,甜文,史诗奇幻",全职师父,2023-02-20,20.04万,言情,原创
5219517,知梦大人,近代现代,7457000,42,2023-02-23,"豪门世家,系统,穿书,爽文",穿进古早虐文后大杀四方,2023-02-20,28.62万,言情,原创
2393909,葳林顿街,近代现代,6824938,29,2023-02-17,"都市情缘,甜文",拂晓,2023-02-14,17.66万,百合,原创
4901184,费浪,近代现代,7349347,30,2023-02-17,"花季雨季,情有独钟,破镜重圆,校园",放学后,2023-02-14,35.45万,纯爱,原创
2454085,姜丝煮酒,近代现代,6941871,50,2023-02-18,"星际,甜文,未来架空",被拯救的怪物先生,2023-02-15,8.83万,言情,原创
1917383,清欢慢,架空历史,3958246,51,2023-02-18,"灵魂转换,宫廷侯爵,穿越时空,甜文",洞房昨夜停红烛,2023-02-15,11.7万,言情,原创
5021081,原川,幻想未来,7202995,37,2023-02-19,"年下,甜文,穿书,成长",当雄虫误入人类世界,2023-02-16,18.6万,纯爱,原创
2216628,云起风眠,近代现代,5560251,38,2023-02-19,"都市情缘,励志人生,甜文",殊途,2023-02-16,7.34万,言情,原创
3526544,笠枝,近代现代,7699798,39,2023-02-19,"都市情缘,甜文",他的千纸鹤糖[暗恋],2023-02-16,13.3万,言情,原创
1933304,九念于霁,近代现代,5033239,40,2023-02-19,"快穿,爽文",沙雕渣攻，在线快穿,2023-02-16,17.66万,纯爱,原创
5362171,莫堪寻,架空历史,7654979,41,2023-02-19,"年下,灵魂转换,宫廷侯爵,天作之合",当丞相和陛下灵魂互换后,2023-02-16,17.67万,纯爱,原创
3604057,釉上青梧,近代现代,6145337,42,2023-02-19,"都市情缘,情有独钟,近水楼台,甜文",温柔瘾,2023-02-16,14.66万,言情,原创
5385603,弦上书,架空历史,7689574,35,2023-02-21,"奇幻魔幻,穿越时空,西幻",我将光明神始乱终弃后,2023-02-18,15.41万,言情,原创
5203999,长明夜,架空历史,7504898,36,2023-02-21,"情有独钟,甜文",剑灵和龙傲天怎么可以HE,2023-02-18,8.99万,言情,原创
351761,小白NO1,架空历史,5568941,37,2023-02-21,"年下,情有独钟,近水楼台,甜文",穿成女主的白月光,2023-02-18,8.06万,百合,原创
3185076,职业鸽手,古色古香,6930666,38,2023-02-21,"武侠,江湖恩怨,情有独钟,甜文",我在江南开饭馆[综武侠],2023-02-18,10.66万,言情,衍生
5056436,凤斐,近代现代,7288411,39,2023-02-21,"情有独钟,天作之合,天之骄子,甜文",双向暗恋翻车指南,2023-02-18,28.61万,纯爱,原创
2061367,宴夜鲤,架空历史,4151720,33,2023-02-20,"情有独钟,异世大陆,仙侠修真,甜文",死遁后徒子徒孙都疯了,2023-02-17,10.31万,言情,原创
5234392,木涂,架空历史,7477058,34,2023-02-20,"生子,种田文,美食,甜文",农家小夫郎,2023-02-17,11.01万,纯爱,原创
5007818,雨后池上,近代现代,7434517,43,2023-02-23,"欢喜冤家,业界精英,时代新风",春暖花开去见你,2023-02-20,29.71万,言情,原创
4584690,却光,幻想未来,6646221,44,2023-02-23,"情有独钟,星际,未来架空,爽文",猩红夜梦,2023-02-20,19.09万,言情,原创
4646855,庄粥梦鱼,架空历史,6722126,45,2023-02-23,"奇幻魔幻,前世今生,甜文,成长",和我捅死的魔神成亲了,2023-02-20,27.18万,言情,原创
2136369,壬甲木,架空历史,6376539,46,2023-02-23,"宫廷侯爵,情有独钟,天作之合,女强",陛下的侍寝小逃夫,2023-02-20,65.09万,言情,原创
5256971,匀也,近代现代,7507707,31,2023-02-17,"情有独钟,破镜重圆,青梅竹马,时尚流行",她的信徒,2023-02-14,22.39万,言情,原创
4007207,白桃在上,架空历史,7486715,32,2023-02-17,"穿越时空,仙侠修真,异能,甜文",我在修仙界当站姐,2023-02-14,22.85万,言情,原创
2465652,林千阳,幻想未来,4218062,33,2023-02-17,"穿越时空,女强,星际,爽文",我在星际种灵植,2023-02-14,35.62万,无CP,原创
5388254,塘花,近代现代,7693811,34,2023-02-17,"豪门世家,情有独钟,破镜重圆,业界精英",野草不尽,2023-02-14,12.72万,言情,原创
3718825,阿烦烦,架空历史,7567203,52,2023-02-18,"因缘邂逅,甜文,成长",病秧子她靠养龙飞升,2023-02-15,9.43万,百合,原创
5332064,萧子夜,架空历史,7614686,43,2023-02-19,"强强,灵异神怪,前世今生,天作之合",你是人间不二法,2023-02-16,18.87万,百合,原创
1892863,幽幽筠,架空历史,6596545,44,2023-02-19,"情有独钟,破镜重圆,市井生活",外室有点甜,2023-02-16,26.55万,言情,原创
4808436,菜种子,架空历史,6931632,45,2023-02-19,"种田文,重生,甜文,爽文",我在原始部落生存的日子,2023-02-16,31.45万,纯爱,原创
2031970,阿呆爱小说,架空历史,6648600,46,2023-02-19,"豪门世家,阴差阳错,市井生活",当激起男主的占有欲,2023-02-16,32.72万,言情,原创
4428522,烟澜澜,架空历史,6438440,47,2023-02-19,"强强,欢喜冤家,励志人生",拭寒,2023-02-16,14.21万,言情,原创
564141,苏临客,近代现代,7194541,48,2023-02-19,"灵异神怪,天作之合,甜文,萌宠",对象他有九条命,2023-02-16,15.42万,纯爱,原创
773022,斯迈尔夫人,架空历史,3625895,49,2023-02-19,"综漫,家教,穿越时空,少年漫",不想当鬼王的柱不是好柱,2023-02-16,13.1万,言情,衍生
3388978,橘肉,近代现代,5798731,50,2023-02-19,"欢喜冤家,天之骄子,游戏网游,甜文",驯服那个野王,2023-02-16,21.15万,言情,原创
2229020,雪妖君,古色古香,6219731,51,2023-02-19,"江湖恩怨,相爱相杀,悬疑推理,异闻传说",玲珑诀（武侠）,2023-02-16,24.09万,百合,原创
3471028,明月出云海,幻想未来,5759448,52,2023-02-19,"系统,升级流",我在异世通关游戏,2023-02-16,18.43万,言情,原创
4182489,月夜星橙,近代现代,7131764,53,2023-02-19,"竞技,甜文,爽文,直播",顶级中单，了解一下[电竞],2023-02-16,20.75万,纯爱,原创
5081906,岸寻,近代现代,7473055,40,2023-02-21,"破镜重圆,校园",热恋,2023-02-18,6.27万,言情,原创
4798544,阿源的小芋圆,近代现代,7069910,41,2023-02-21,"情有独钟,边缘恋歌,破镜重圆",婚约,2023-02-18,7.22万,百合,原创
5183174,一鸽不鸽,近代现代,7564481,42,2023-02-21,"综漫,齐神,咒回,柯南",被迫卷入乙女游戏,2023-02-18,13.73万,言情,衍生
1133263,三千羽君,近代现代,7631864,43,2023-02-21,"综漫,家教,少年漫,甜文",云雀小姐想要剃光他的头发,2023-02-18,13.56万,言情,衍生
2441078,黑糖茉莉奶茶,架空历史,6534468,44,2023-02-21,"宫廷侯爵,天作之合,甜文",笨蛋美人成为太子妃后,2023-02-18,10.24万,言情,原创
2196858,钦匀,近代现代,6238534,45,2023-02-21,"灵异神怪,爽文,都市异闻,玄学",三流算命师,2023-02-18,8.6万,纯爱,原创
2465680,意己,近代现代,7288607,35,2023-02-20,"娱乐圈,系统,穿书,爽文",女配超级有钱,2023-02-17,12.79万,言情,原创
4319659,穗竹,近代现代,6535419,36,2023-02-20,"情有独钟,近水楼台,恋爱合约,婚恋",心跳掌控,2023-02-17,6.96万,言情,原创
5368231,种菜得刀,近代现代,7663571,37,2023-02-20,"天作之合,业界精英,励志人生",鼓手前传,2023-02-17,22.44万,言情,原创
2279251,紫箫寒月,近代现代,5259425,47,2023-02-23,"穿越时空,甜文,穿书,爽文",不断搞事后我爆红了,2023-02-20,20.15万,言情,原创
2090870,池风,近代现代,4136750,48,2023-02-23,"灵异神怪,无限流,甜文,爽文",在求生游戏教BOSS谈恋爱,2023-02-20,10.01万,纯爱,原创
3086673,玉不逐流,近代现代,6318080,35,2023-02-17,"都市情缘,天之骄子,娱乐圈,甜文",泪痣CP[娱乐圈],2023-02-14,12.08万,言情,原创
5228431,被脑洞吃掉了,架空历史,7475732,36,2023-02-17,"打脸,系统,穿书",长公主和她的极品夫君（女尊）,2023-02-14,21.19万,女尊,原创
2134086,Further,架空历史,4687495,37,2023-02-17,"宫廷侯爵,宫斗,励志人生,市井生活",两京旧札,2023-02-14,41.03万,言情,原创
2438653,口嗨小熊猫,幻想未来,5326820,38,2023-02-17,"强强,天作之合,系统",是个圣母该怎么办？！,2023-02-14,13.24万,言情,原创
4930274,之荀,架空历史,7090397,53,2023-02-18,"红楼梦,宫廷侯爵,豪门世家,情有独钟",[红楼]黛玉只想跑路,2023-02-15,27.55万,言情,衍生
5134143,夏不败,近代现代,7441931,54,2023-02-18,"欢喜冤家,甜文",葡萄成熟时[双向暗恋],2023-02-15,18.87万,言情,原创
5144657,温子衿,架空历史,7450304,55,2023-02-18,"因缘邂逅,前世今生,天作之合,重生",被我救下的少年竟然是反派,2023-02-15,20.32万,言情,原创
5338021,陈皮绿豆,架空历史,7626748,56,2023-02-18,"情有独钟,天作之合,阴差阳错,史诗奇幻",误把反派当路人甲后,2023-02-15,9.14万,言情,原创
3126736,一个点两个点三个点,架空历史,6767368,57,2023-02-18,"强强,生子,天作之合,仙侠修真",有孩,2023-02-15,12.33万,纯爱,原创
3854451,笑沉绿蚁,架空历史,7553299,54,2023-02-19,"宫廷侯爵,情有独钟,市井生活,朝堂之上",纨绔同窗是大佬,2023-02-16,21.31万,言情,原创
777569,永暗,幻想未来,4638973,55,2023-02-19,"奇幻魔幻,女强,西幻",魔法少女和她的宠物,2023-02-16,11.66万,言情,原创
672271,丛晓暮,架空历史,6396787,46,2023-02-21,"天作之合,仙侠修真,甜文,穿书",小师妹不愿再当对照女配,2023-02-18,25.25万,言情,原创
4824132,麓小鱼,近代现代,7070460,47,2023-02-21,"情有独钟,破镜重圆,娱乐圈,直播",腹黑影后的小娇妻不跑啦,2023-02-18,8.52万,百合,原创
4593732,惊蛰里,近代现代,6848303,48,2023-02-21,"破镜重圆,天作之合,穿越时空,校园",穿成儿子同桌，和他兄弟HE了,2023-02-18,25.34万,纯爱,原创
2121146,权笑笑,架空历史,5395689,49,2023-02-21,"女配,爽文,古代幻想",病弱女配不做人了,2023-02-18,15.4万,言情,原创
5362928,念孜,近代现代,7673938,50,2023-02-21,"情有独钟,欢喜冤家",无尽夏[校园],2023-02-18,16.54万,言情,原创
4673922,渃笺,幻想未来,6924179,38,2023-02-20,"系统,甜文,未来架空",大美人在无限流快穿,2023-02-17,22.31万,言情,原创
5396497,向光鲤,架空历史,7704866,39,2023-02-20,"前世今生,青梅竹马,成长,异闻传说",变成鬼后我和退婚竹马he了,2023-02-17,10.44万,言情,原创
4627003,码字姬爱睡觉,近代现代,6742216,40,2023-02-20,"强强,都市情缘,情有独钟,破镜重圆",清冷前女友每天守着说爱我,2023-02-17,8.05万,百合,原创
1861423,涿羽,架空历史,4911410,39,2023-02-17,"强强,年下,情有独钟,因缘邂逅",退休影卫养崽指南,2023-02-14,16.8万,纯爱,原创
3427766,喵左喵右,近代现代,5420128,40,2023-02-17,"都市情缘,近水楼台,恋爱合约,甜文",和男神总裁协议恋爱后,2023-02-14,18.18万,言情,原创
4238082,清清淞淞,近代现代,6306353,41,2023-02-17,"时代奇缘,系统,爽文",对付人渣，我偏要“以牙还牙”[系统],2023-02-14,16.81万,言情,原创
4667622,西语居,架空历史,6748550,42,2023-02-17,"宫廷侯爵,情有独钟,因缘邂逅,天之骄子",世子今天犯病了吗,2023-02-14,25.27万,言情,原创
5200246,青衣无袖,架空历史,7431315,43,2023-02-17,"宫廷侯爵,天作之合,宫斗,复仇虐渣",帘卷朱砂,2023-02-14,20.51万,言情,原创
4362706,蔻天,幻想未来,6419217,58,2023-02-18,"强强,星际,穿书,爽文",攻略那个反派女A[女A男O],2023-02-15,7.18万,言情,原创
5294506,送京,近代现代,7571798,59,2023-02-18,"强强,情有独钟,重生,成长",重生和死对头谈恋爱,2023-02-15,12.31万,言情,原创
3708612,沈霖然,近代现代,7370510,56,2023-02-19,"恐怖,无限流,都市异闻,异闻传说",疯子的房间[无限],2023-02-16,14.98万,无CP,原创
4445868,村口那只鹅,架空历史,6699837,51,2023-02-21,"仙侠修真,女强,系统,爽文",绑定三个攻略系统后,2023-02-18,9.84万,言情,原创
2200349,微微紫苏,架空历史,7527272,52,2023-02-21,"布衣生活,穿越时空",俗人的科举青云路,2023-02-18,21.21万,言情,原创
2101216,斯礼,古色古香,4463089,53,2023-02-21,"宫廷侯爵,近水楼台,天之骄子,平步青云",小宅门大宅门,2023-02-18,81.66万,言情,原创
5272322,别山玙,架空历史,7529304,54,2023-02-21,"强强,宫廷侯爵,逆袭",庶女难当,2023-02-18,33.45万,言情,原创
4300251,含沚,近代现代,6347234,41,2023-02-20,"破镜重圆,竞技,游戏网游,甜文",甩了网恋翻车以后[电竞],2023-02-17,57.87万,言情,原创
5111224,吃猹的瓜皮,架空历史,7319321,42,2023-02-20,励志人生,堆金砌玉,2023-02-17,39.11万,言情,原创
2302086,谈黛,近代现代,5004133,44,2023-02-17,"情有独钟,天作之合,游戏网游,甜文",撩而不及,2023-02-14,23.78万,言情,原创
1891697,在下本无良,架空历史,4015158,45,2023-02-17,"宫廷侯爵,天作之合,相爱相杀,女扮男装",将军辞,2023-02-14,58.36万,言情,原创
3511208,烟卧,近代现代,5421730,60,2023-02-18,"天作之合,甜文",野望,2023-02-15,6.53万,言情,原创
2724824,乔可可,架空历史,6584446,61,2023-02-18,"天作之合,天之骄子,仙侠修真,重生",仙君的绿莲花替身不干了,2023-02-15,31.4万,纯爱,原创
4012536,蔡小白呀,架空历史,6102763,62,2023-02-18,"穿越时空,女配,系统,快穿",满城都在磕CP（快穿）,2023-02-15,26.47万,言情,原创
4611335,莓柿儿,近代现代,7258202,63,2023-02-18,"情有独钟,甜文,年代文,时代新风",八零娇气小村花,2023-02-15,30.19万,言情,原创
4008352,尚宛,近代现代,5884165,64,2023-02-18,"都市情缘,豪门世家,天作之合,甜文",小戏精,2023-02-15,38.24万,言情,原创
4635018,岩谨,近代现代,6707301,55,2023-02-21,"情有独钟,娱乐圈,系统,穿书",CP绝缘女星靠揩油系统逆袭,2023-02-18,22.59万,言情,原创
3124614,孤烛异乡人,幻想未来,7537597,56,2023-02-21,"天之骄子,穿越时空,仙侠修真,未来架空",当游戏马甲成真以后,2023-02-18,27.3万,无CP,原创
943672,元灵宇,架空历史,5530539,43,2023-02-20,"强强,宫廷侯爵,情有独钟",锦衣夜带刀,2023-02-17,59.52万,纯爱,原创
3765340,嗟鸦,架空历史,5900672,65,2023-02-18,"宫廷侯爵,天作之合,甜文,女扮男装",戏中美人,2023-02-15,14.04万,言情,原创
2641878,桉柠,近代现代,4498954,44,2023-02-20,"甜文,爽文,直播,时尚流行",玫瑰与小鹿[娱乐圈],2023-02-17,20.61万,言情,原创
2649632,夏川行舟,近代现代,4771037,66,2023-02-18,"强强,情有独钟,无限流,悬疑推理",梦境：联机版,2023-02-15,46.33万,纯爱,原创
